game_id,tournament_slug,stage,round_number,packet_name,packet_checksum,team_a_id,team_a_name,team_a_score,team_b_id,team_b_name,team_b_score,exported_at,moss_version
20260419T192620Z_i9r9dva,dasoni-2,double_elim,1,DOUBLE ELIMINATION 1,9f3637017a1faee9f783a0689f6bcfb59988a3e772d87ea4d28a272e3c2fe14d,team_778a4f7f559fa8_19da71d61f6,Deap South,94,team_3bdfd0169b667_19da71d61f6,Collierville A,86,2026-04-19T20:01:47.736Z,3
20260419T192554Z_avkafez,dasoni-2,double_elim,1,DOUBLE ELIMINATION 1,9f3637017a1faee9f783a0689f6bcfb59988a3e772d87ea4d28a272e3c2fe14d,team_e0dc545f20f83_19da730cd08,Iolani A,94,team_dec6a0540fd0c8_19da730cd08,Clements,70,2026-04-19T19:48:20.278Z,3
20260419T192951Z_ena7ejf,dasoni-2,double_elim,1,DOUBLE ELIMINATION 1,9f3637017a1faee9f783a0689f6bcfb59988a3e772d87ea4d28a272e3c2fe14d,team_9f2edd2682e59_19da735a66a,Luka Fan Club,52,team_8c0b0f5b46064_19da735a66a,Lynbrook A,144,2026-04-19T19:59:41.916Z,3
20260419T192559Z_f7l8zu7,dasoni-2,double_elim,1,DOUBLE ELIMINATION 1,9f3637017a1faee9f783a0689f6bcfb59988a3e772d87ea4d28a272e3c2fe14d,team_b13935827871c_19da731c622,MSJ,124,team_1f53b9ff9ff3e_19da731c622,North Hollywood B,32,2026-04-19T19:57:03.531Z,3
20260419T192840Z_eavh3ux,dasoni-2,double_elim,1,DOUBLE ELIMINATION 1,9f3637017a1faee9f783a0689f6bcfb59988a3e772d87ea4d28a272e3c2fe14d,team_7172737595c148_19da72f662b,North Allegheny,68,team_f29718a159346_19da72f662b,Allen School,82,2026-04-19T19:50:59.509Z,3
20260419T192459Z_uj01mpc,dasoni-2,double_elim,1,DOUBLE ELIMINATION 1,9f3637017a1faee9f783a0689f6bcfb59988a3e772d87ea4d28a272e3c2fe14d,team_28e2c3bf4a024_19da733627a,North Hollywood A,100,team_fbd90035ac5b2_19da733627a,Clovis North,72,2026-04-19T20:02:01.388Z,3
20260419T192714Z_6tmhsdr,dasoni-2,double_elim,1,DOUBLE ELIMINATION 1,9f3637017a1faee9f783a0689f6bcfb59988a3e772d87ea4d28a272e3c2fe14d,team_63fd1356ccad68_19da73563e0,Varun Clemens,80,team_79d3eec6fd644_19da73563e0,Lexington A,70,2026-04-19T19:51:26.354Z,3
20260419T192450Z_m4xauao,dasoni-2,double_elim,1,DOUBLE ELIMINATION 1,9f3637017a1faee9f783a0689f6bcfb59988a3e772d87ea4d28a272e3c2fe14d,team_c9b50ba99f09e8_19da72f2363,WWPS A,2,team_59532e2ae46be8_19da72f2363,BASIS Chandler,100,2026-04-19T19:56:22.289Z,3
20260419T200746Z_5jkbaap,dasoni-2,double_elim,2,DOUBLE ELIMINATION 2,3fe07d02043f5df2e3509d2e48ec3a93b82b3906e0fa9358379548b68e3f2153,team_8932fba8547048_19da759dfc6,Clovis North,104,team_941c8186718518_19da759dfc6,North Allegheny,28,2026-04-19T20:32:11.462Z,3
20260419T200857Z_2a3tmjx,dasoni-2,double_elim,2,DOUBLE ELIMINATION 2,3fe07d02043f5df2e3509d2e48ec3a93b82b3906e0fa9358379548b68e3f2153,team_bb448cddb4574_19da75b2cd0,Collierville A,86,team_ac0ce1f1428468_19da75b2cd0,Clements,48,2026-04-19T20:27:48.256Z,3
20260419T200827Z_pl5mv18,dasoni-2,double_elim,2,DOUBLE ELIMINATION 2,3fe07d02043f5df2e3509d2e48ec3a93b82b3906e0fa9358379548b68e3f2153,team_7f5c527e2ffdd_19da75a633e,Deap South,116,team_c4daefc4766908_19da75a633e,Iolani A,56,2026-04-19T20:37:10.243Z,3
20260419T200925Z_6nlugfg,dasoni-2,double_elim,2,DOUBLE ELIMINATION 2,3fe07d02043f5df2e3509d2e48ec3a93b82b3906e0fa9358379548b68e3f2153,team_6d9684574ea53_19da75c07ee,Luka Fan Club,78,team_8363540b08956_19da75c07ee,Lexington A,102,2026-04-19T20:34:50.023Z,3
20260419T201052Z_jtwepfq,dasoni-2,double_elim,2,DOUBLE ELIMINATION 2,3fe07d02043f5df2e3509d2e48ec3a93b82b3906e0fa9358379548b68e3f2153,team_8eb78203def2a_19da75ae61d,Lynbrook A,102,team_b819e05195b17_19da75ae61d,Varun Clemens,82,2026-04-19T20:40:39.721Z,3
20260419T201129Z_9ol1c6i,dasoni-2,double_elim,2,DOUBLE ELIMINATION 2,3fe07d02043f5df2e3509d2e48ec3a93b82b3906e0fa9358379548b68e3f2153,team_55c4e538234_19da755b667,MSJ,152,team_8a1db1b9edbba_19da755b667,BASIS Chandler,42,2026-04-19T20:34:15.774Z,3
20260419T200721Z_rptyd99,dasoni-2,double_elim,2,DOUBLE ELIMINATION 2,3fe07d02043f5df2e3509d2e48ec3a93b82b3906e0fa9358379548b68e3f2153,team_0ae50b91c703f8_19da75a9932,North Hollywood A,108,team_fc1fec0e4255f8_19da75a9932,Allen School,22,2026-04-19T20:28:14.723Z,3
20260419T200754Z_7howmok,dasoni-2,double_elim,2,DOUBLE ELIMINATION 2,3fe07d02043f5df2e3509d2e48ec3a93b82b3906e0fa9358379548b68e3f2153,team_5fb72be42ae5d8_19da7596c83,North Hollywood B,120,team_37956edc84fb18_19da7596c83,WWPS A,68,2026-04-19T20:29:33.708Z,3
20260419T204522Z_ujd3v2e,dasoni-2,double_elim,3,DOUBLE ELIMINATION 3,4695c9141e14282c45371a5689c7bd410dc13fa979d4340761593e9c41dc58d0,team_6bc8a03407081_19da77c6d24,Allen School,30,team_f28571cc25fce8_19da77c6d25,Collierville A,26,2026-04-19T21:06:45.145Z,3
20260419T204608Z_d6bkbg5,dasoni-2,double_elim,3,DOUBLE ELIMINATION 3,4695c9141e14282c45371a5689c7bd410dc13fa979d4340761593e9c41dc58d0,team_888da1cc85ffb_19da77dc5d1,Iolani A,64,team_7fdebcd60c75e_19da77dc5d1,Clovis North,36,2026-04-19T21:13:08.162Z,3
20260419T204357Z_gwh42bq,dasoni-2,double_elim,3,DOUBLE ELIMINATION 3,4695c9141e14282c45371a5689c7bd410dc13fa979d4340761593e9c41dc58d0,team_d6e25c0cd7af4_19da77b766a,Lexington A,74,team_0390aac9e05bb8_19da77b766a,BASIS Chandler,24,2026-04-19T21:02:14.258Z,3
20260419T204811Z_z87feme,dasoni-2,double_elim,3,DOUBLE ELIMINATION 3,4695c9141e14282c45371a5689c7bd410dc13fa979d4340761593e9c41dc58d0,team_7e4fdd7a840458_19da77cd98c,Varun Clemens,72,team_ed26e7d899c34_19da77cd98c,North Hollywood B,44,2026-04-19T21:09:17.511Z,3
20260419T211740Z_tkumr5r,dasoni-2,double_elim,4,DOUBLE ELIMINATION 4,28f23e9c301c3a385809ff5341f7be3c6bfef31cdcb72c93a241b4ec48b9cb64,team_198eb7277c178_19da7958449,Allen School,4,team_78868e06a556e_19da7958449,Varun Clemens,82,2026-04-19T21:39:35.704Z,3
20260419T211753Z_n6s4rcd,dasoni-2,double_elim,4,DOUBLE ELIMINATION 4,28f23e9c301c3a385809ff5341f7be3c6bfef31cdcb72c93a241b4ec48b9cb64,team_8bde03337875b_19da79b02ab,Lynbrook A,52,team_5041399f80221_19da79b02ab,North Hollywood A,36,2026-04-19T21:43:33.462Z,3
20260419T211809Z_q1jnaxa,dasoni-2,double_elim,4,DOUBLE ELIMINATION 4,28f23e9c301c3a385809ff5341f7be3c6bfef31cdcb72c93a241b4ec48b9cb64,team_15125b6a321918_19da79b6294,MSJ,36,team_6a6ec917b0b198_19da79b6294,Deap South,68,2026-04-19T21:46:16.210Z,3
20260419T221747Z_e9h8h71,dasoni-2,double_elim,5,DOUBLE ELIMINATION 5,446d36b412d17ea6b773ab34cb96ac2e75375ae1f17fe5b53c887ef6556e5614,team_facbe22b3d23d8_19da7d0f4b7,MSJ,60,team_1a406355eb6d78_19da7d0f4b7,Varun Clemens,38,2026-04-19T22:43:42.255Z,3
20260419T221535Z_8z4udo0,dasoni-2,double_elim,5,DOUBLE ELIMINATION 5,446d36b412d17ea6b773ab34cb96ac2e75375ae1f17fe5b53c887ef6556e5614,team_87308686ed7a9_19da7ca040a,North Hollywood A,78,team_48100f4c316178_19da7ca040a,Iolani A,92,2026-04-19T22:39:46.220Z,3
20260419T230203Z_remfaxm,dasoni-2,double_elim,6,DOUBLE ELIMINATION 6,a5180f3c86554b29dcd364a6b5f497269f320664e5e5d40216dd9aa155f0a99d,team_3b6d9ef376779_19da7f7cfee,Iolani A,44,team_4f60e8337187f_19da7f7cfee,MSJ,42,2026-04-19T23:27:36.080Z,3
20260419T230221Z_ba4t830,dasoni-2,double_elim,6,DOUBLE ELIMINATION 6,a5180f3c86554b29dcd364a6b5f497269f320664e5e5d40216dd9aa155f0a99d,team_e2b14300089b_19da7faac59,Lynbrook A,8,team_b5c979a060a0b8_19da7faac59,Deap South,34,2026-04-19T23:29:30.980Z,3
20260419T234716Z_hwrwbwc,dasoni-2,double_elim,7,DOUBLE ELIMINATION 7,25dd49fe89bea0e15c19d182cc3d6821becc4b6ac0d75872d754abf5ddc717b0,team_ac7926a502e84_19da82174cc,Lynbrook A,26,team_bbcd9fd48a1758_19da82174cc,Iolani A,30,2026-04-20T00:07:09.610Z,3
20260419T153640Z_f7ikgcc,dasoni-2,round_robin,1,ROUND ROBIN 1,eba0dda907121d18d5a402b061baea373f3f5c808f4b23062b42728c97a6c81b,team_0cc71733c9316_19da662a407,Arcadia A,114,team_5e7eb0169c594_19da662a407,Luka Fan Club,72,2026-04-19T15:53:42.781Z,3
20260419T151435Z_1kglz39,dasoni-2,round_robin,1,ROUND ROBIN 1,eba0dda907121d18d5a402b061baea373f3f5c808f4b23062b42728c97a6c81b,team_baf0735b9d27b8_19da64e4726,BISV A,82,team_c87caa6351d8c8_19da64e4726,Benjamin Franklin,48,2026-04-19T16:02:26.769Z,3
20260419T150553Z_jhlj4bk,dasoni-2,round_robin,1,ROUND ROBIN 1,eba0dda907121d18d5a402b061baea373f3f5c808f4b23062b42728c97a6c81b,team_378ea87bb32ca8_19da642c9b7,Canyon Crest A,100,team_8db3d3531d69b_19da642c9b7,BISV B,18,2026-04-19T15:29:58.336Z,3
20260419T151432Z_nrl6uwr,dasoni-2,round_robin,1,ROUND ROBIN 1,eba0dda907121d18d5a402b061baea373f3f5c808f4b23062b42728c97a6c81b,team_e47b332dbb5d58_19da64d2297,Canyon Crest B,0,team_c7543885c51f48_19da64d2297,Lynbrook A,198,2026-04-19T15:43:19.901Z,3
20260419T150410Z_vucy048,dasoni-2,round_robin,1,ROUND ROBIN 1,eba0dda907121d18d5a402b061baea373f3f5c808f4b23062b42728c97a6c81b,team_ee24a3242ed34_19da63f24c6,Clovis North,92,team_7e86374fda136_19da63f24c6,Allen School,68,2026-04-19T15:34:24.663Z,3
20260419T150419Z_v8nkzsl,dasoni-2,round_robin,1,ROUND ROBIN 1,eba0dda907121d18d5a402b061baea373f3f5c808f4b23062b42728c97a6c81b,team_580b764a57408_19da6450fda,Collierville A,94,team_d3c3d40b2bd42_19da6450fda,Iolani B,28,2026-04-19T15:42:19.774Z,3
20260419T153110Z_zu21s2y,dasoni-2,round_robin,1,ROUND ROBIN 1,eba0dda907121d18d5a402b061baea373f3f5c808f4b23062b42728c97a6c81b,team_bad4ef040bc07_19da65c55cd,Deep Run,70,team_8bc3e3ee1ea938_19da65c55cd,Thomas Jefferson,94,2026-04-19T16:09:22.762Z,3
20260419T154045Z_f1q9sqp,dasoni-2,round_robin,1,ROUND ROBIN 1,eba0dda907121d18d5a402b061baea373f3f5c808f4b23062b42728c97a6c81b,team_c95b5107278e38_19da6660cee,Enloe,96,team_a0088ecc7663a8_19da6660cee,Arcadia B,68,2026-04-19T16:00:44.286Z,3
20260419T150607Z_75btnde,dasoni-2,round_robin,1,ROUND ROBIN 1,eba0dda907121d18d5a402b061baea373f3f5c808f4b23062b42728c97a6c81b,team_7ce2f1f3b4687_19da645f278,Iolani A,158,team_44ca025f51c97_19da645f278,Collierville B,0,2026-04-19T15:32:52.532Z,3
20260419T151122Z_h217pn4,dasoni-2,round_robin,1,ROUND ROBIN 1,eba0dda907121d18d5a402b061baea373f3f5c808f4b23062b42728c97a6c81b,team_e5da36c3167e6_19da643ac25,Lexington A,66,team_309fb2fdb825f8_19da643ac25,North Allegheny,92,2026-04-19T15:34:41.995Z,3
20260419T150700Z_fzz1zna,dasoni-2,round_robin,1,ROUND ROBIN 1,eba0dda907121d18d5a402b061baea373f3f5c808f4b23062b42728c97a6c81b,team_e41c2b8297c09_19da6475ea8,Lexington B,96,team_516e4c55dc69e_19da6475ea8,American Heritage Broward,44,2026-04-19T15:38:43.046Z,3
20260419T150441Z_dswbv1b,dasoni-2,round_robin,1,ROUND ROBIN 1,eba0dda907121d18d5a402b061baea373f3f5c808f4b23062b42728c97a6c81b,team_74282af81c0d38_19da634940a,North Hollywood A,110,team_9e3220f3ea5dc_19da634940a,Hunter,82,2026-04-19T15:55:13.239Z,3
20260419T150536Z_dek5e5j,dasoni-2,round_robin,1,ROUND ROBIN 1,eba0dda907121d18d5a402b061baea373f3f5c808f4b23062b42728c97a6c81b,team_f9015ef3136aa_19da63a4918,North Hollywood B,26,team_5b3d44e8fc635_19da63a4918,MSJ,206,2026-04-19T15:34:42.461Z,3
20260419T150451Z_dt1ctlk,dasoni-2,round_robin,1,ROUND ROBIN 1,eba0dda907121d18d5a402b061baea373f3f5c808f4b23062b42728c97a6c81b,team_49c4840bf6dc58_19da64585b0,Palo Alto,84,team_d684c357ab4f98_19da64585b0,Doral Academy,72,2026-04-19T15:37:44.217Z,3
20260419T145640Z_2cijg34,dasoni-2,round_robin,1,ROUND ROBIN 1,eba0dda907121d18d5a402b061baea373f3f5c808f4b23062b42728c97a6c81b,team_3f7e2441d2114_19da635db93,Punahou School,88,team_25a9786a22ecf_19da635db93,Bridgeland,54,2026-04-19T15:40:00.724Z,3
20260419T151120Z_qz29ok2,dasoni-2,round_robin,1,ROUND ROBIN 1,eba0dda907121d18d5a402b061baea373f3f5c808f4b23062b42728c97a6c81b,team_fac28dd2ee346_19da63df1e0,WWPS A,126,team_338b25349f1638_19da63df1e0,Lynbrook B,74,2026-04-19T15:35:50.479Z,3
20260419T150807Z_1f3gjww,dasoni-2,round_robin,1,ROUND ROBIN 1,eba0dda907121d18d5a402b061baea373f3f5c808f4b23062b42728c97a6c81b,team_d81def1b61e68_19da6438440,Ward Melville,22,team_7a0a14117ac638_19da6438440,Deap South,146,2026-04-19T15:35:47.467Z,3
20260419T151138Z_l8ekqhb,dasoni-2,round_robin,1,ROUND ROBIN 1,eba0dda907121d18d5a402b061baea373f3f5c808f4b23062b42728c97a6c81b,team_5e6ec90bfa7c7_19da64bd3cf,Whitney Young,90,team_ae6dc8207f5118_19da64bd3cf,Clements,92,2026-04-19T15:31:52.139Z,3
20260419T150559Z_wbgcaon,dasoni-2,round_robin,1,ROUND ROBIN 1,eba0dda907121d18d5a402b061baea373f3f5c808f4b23062b42728c97a6c81b,team_8ab1d9a48c4f38_19da640fdcf,Woodlands,28,team_274ca117192d1_19da640fdcf,WWPS B,44,2026-04-19T15:34:39.119Z,3
20260419T160757Z_9mesllx,dasoni-2,round_robin,2,ROUND ROBIN 2,7616a55ed99e53843849492d36a4ec2d84eba5e6b02e074087be801ffe8050e0,team_c476ef0111a2f_19da67eb6c0,BASIS Chandler,170,team_68b6e89d9450d8_19da67eb6c0,Enloe,0,2026-04-19T16:40:16.531Z,3
20260419T160743Z_azy7d07,dasoni-2,round_robin,2,ROUND ROBIN 2,7616a55ed99e53843849492d36a4ec2d84eba5e6b02e074087be801ffe8050e0,team_21ff4c25876128_19da67cfa59,BISV A,74,team_1841ed7c00fd48_19da67cfa59,Bridgeland,30,2026-04-19T16:31:42.118Z,3
20260419T161559Z_v265i51,dasoni-2,round_robin,2,ROUND ROBIN 2,7616a55ed99e53843849492d36a4ec2d84eba5e6b02e074087be801ffe8050e0,team_70b2d8da0ec3e8_19da684ea82,Clovis North,82,team_51c84910c77a28_19da684ea82,Thomas Jefferson,84,2026-04-19T16:47:48.271Z,3
20260419T160702Z_jzgejuv,dasoni-2,round_robin,2,ROUND ROBIN 2,7616a55ed99e53843849492d36a4ec2d84eba5e6b02e074087be801ffe8050e0,team_a81ea7fc0e737_19da6763828,Collierville B,78,team_f66738b333847_19da6763828,Hunter,128,2026-04-19T16:35:57.625Z,3
20260419T160728Z_aa78akq,dasoni-2,round_robin,2,ROUND ROBIN 2,7616a55ed99e53843849492d36a4ec2d84eba5e6b02e074087be801ffe8050e0,team_37359ed49957_19da672bcf2,Doral Academy,92,team_6b009ebeaac47_19da672bcf2,North Allegheny,120,2026-04-19T16:36:42.637Z,3
20260419T161024Z_42w6418,dasoni-2,round_robin,2,ROUND ROBIN 2,7616a55ed99e53843849492d36a4ec2d84eba5e6b02e074087be801ffe8050e0,team_be4b3770047b7_19da67c9ece,Eastlake,56,team_2eb0dbf536e31_19da67c9ece,Whitney Young,108,2026-04-19T16:32:50.139Z,3
20260419T160720Z_g8sbg6q,dasoni-2,round_robin,2,ROUND ROBIN 2,7616a55ed99e53843849492d36a4ec2d84eba5e6b02e074087be801ffe8050e0,team_3bcfa8d569efe_19da667150d,Iolani A,106,team_2461cf71e43d98_19da667150d,American Heritage Broward,54,2026-04-19T16:42:50.660Z,3
20260419T160751Z_pkwrvpu,dasoni-2,round_robin,2,ROUND ROBIN 2,7616a55ed99e53843849492d36a4ec2d84eba5e6b02e074087be801ffe8050e0,team_37b86157399b68_19da66af815,Iolani B,16,team_dc9a262e2c1f58_19da66af815,Deap South,130,2026-04-19T16:41:42.197Z,3
20260419T160726Z_jasj9as,dasoni-2,round_robin,2,ROUND ROBIN 2,7616a55ed99e53843849492d36a4ec2d84eba5e6b02e074087be801ffe8050e0,team_00fa57e322954_19da6796803,Luka Fan Club,130,team_a93b03446c659_19da6796803,BISV B,22,2026-04-19T16:44:46.895Z,3
20260419T162714Z_8k7v3tv,dasoni-2,round_robin,2,ROUND ROBIN 2,7616a55ed99e53843849492d36a4ec2d84eba5e6b02e074087be801ffe8050e0,team_dda8240590cfd8_19da689c020,Lynbrook A,176,team_ddd83a0802cbf8_19da689c020,Arcadia B,14,2026-04-19T16:54:17.531Z,3
20260419T164214Z_npfpmv0,dasoni-2,round_robin,2,ROUND ROBIN 2,7616a55ed99e53843849492d36a4ec2d84eba5e6b02e074087be801ffe8050e0,team_8086c97f78d82_19da69e85bc,Lynbrook B,38,team_d67a4bde5ae09_19da69e85bc,Clements,96,2026-04-19T16:47:53.593Z,3
20260419T161501Z_p8jxj18,dasoni-2,round_robin,2,ROUND ROBIN 2,7616a55ed99e53843849492d36a4ec2d84eba5e6b02e074087be801ffe8050e0,team_1d2a2a83bfb92_19da6742ce6,Morgantown,102,team_62d72c122259d_19da6742ce6,Deep Run,14,2026-04-19T16:37:18.260Z,3
20260419T160659Z_1qoiv0c,dasoni-2,round_robin,2,ROUND ROBIN 2,7616a55ed99e53843849492d36a4ec2d84eba5e6b02e074087be801ffe8050e0,team_236db9eec502e_19da678a0c4,North Hollywood A,130,team_f97282983a0d88_19da678a0c4,Lexington B,52,2026-04-19T16:38:01.837Z,3
20260419T160834Z_5aacemi,dasoni-2,round_robin,2,ROUND ROBIN 2,7616a55ed99e53843849492d36a4ec2d84eba5e6b02e074087be801ffe8050e0,team_be357799599c8_19da66a4735,North Hollywood B,122,team_9d8b645c4eaf4_19da66a4735,Benjamin Franklin,40,2026-04-19T16:33:45.745Z,3
20260419T160939Z_fl5flml,dasoni-2,round_robin,2,ROUND ROBIN 2,7616a55ed99e53843849492d36a4ec2d84eba5e6b02e074087be801ffe8050e0,team_587b9fe2fa1a6_19da679be61,Punahou School,40,team_6c66318d7c8b38_19da679be61,MSJ,138,2026-04-19T16:44:49.765Z,3
20260419T160800Z_ijwbzvq,dasoni-2,round_robin,2,ROUND ROBIN 2,7616a55ed99e53843849492d36a4ec2d84eba5e6b02e074087be801ffe8050e0,team_9d0f1f5cb8b9a8_19da66d18ef,Quail Valley,82,team_bb664db926bad8_19da66d18ef,Lexington A,132,2026-04-19T16:39:17.463Z,3
20260419T160730Z_hdwtari,dasoni-2,round_robin,2,ROUND ROBIN 2,7616a55ed99e53843849492d36a4ec2d84eba5e6b02e074087be801ffe8050e0,team_ee1cad20f6e0c_19da67dc564,Varun Clemens,134,team_a965d8241a438_19da67dc564,Arcadia A,36,2026-04-19T16:29:55.928Z,3
20260419T160731Z_kihugwl,dasoni-2,round_robin,2,ROUND ROBIN 2,7616a55ed99e53843849492d36a4ec2d84eba5e6b02e074087be801ffe8050e0,team_c35e032d39e008_19da6655876,WWPS B,46,team_074ad7e14ce15_19da6655876,Collierville A,104,2026-04-19T16:36:36.680Z,3
20260419T161129Z_pu49dwt,dasoni-2,round_robin,2,ROUND ROBIN 2,7616a55ed99e53843849492d36a4ec2d84eba5e6b02e074087be801ffe8050e0,team_c63b4f48a69de8_19da681cfdc,Woodlands,60,team_6bd36a310cf298_19da681cfdc,Ward Melville,56,2026-04-19T16:32:37.312Z,3
20260419T165818Z_jkctdse,dasoni-2,round_robin,3,ROUND ROBIN 3,8d3ec5c15f8addc4d68e68e81906d5c72bf098853df918ec3934d2476b006a5c,team_172669c726391_19da69c4506,Allen School,76,team_91ddfff99fbb18_19da69c4506,Thomas Jefferson,44,2026-04-19T17:24:35.993Z,3
20260419T165928Z_3mkfuxr,dasoni-2,round_robin,3,ROUND ROBIN 3,8d3ec5c15f8addc4d68e68e81906d5c72bf098853df918ec3934d2476b006a5c,team_ab5c4d5c02365_19da6ae4ee2,BASIS Chandler,36,team_eb97ba27c73a38_19da6ae4ee2,Lynbrook A,116,2026-04-19T17:25:11.596Z,3
20260419T165503Z_qlttsqw,dasoni-2,round_robin,3,ROUND ROBIN 3,8d3ec5c15f8addc4d68e68e81906d5c72bf098853df918ec3934d2476b006a5c,team_af7225202e24c_19da6a555d6,BISV A,74,team_3201fa727b19a_19da6a555d6,Punahou School,82,2026-04-19T17:20:16.689Z,3
20260419T164853Z_jgyfnmh,dasoni-2,round_robin,3,ROUND ROBIN 3,8d3ec5c15f8addc4d68e68e81906d5c72bf098853df918ec3934d2476b006a5c,team_63c50222a2686_19da6a36ae5,Bridgeland,18,team_11a92b373f519_19da6a36ae5,North Hollywood B,104,2026-04-19T17:13:29.199Z,3
20260419T164635Z_d94kfgm,dasoni-2,round_robin,3,ROUND ROBIN 3,8d3ec5c15f8addc4d68e68e81906d5c72bf098853df918ec3934d2476b006a5c,team_114ad76fc52b78_19da69d6422,Canyon Crest A,36,team_f19c5744521f38_19da69d6422,Luka Fan Club,76,2026-04-19T17:09:44.514Z,3
20260419T165551Z_sbd3597,dasoni-2,round_robin,3,ROUND ROBIN 3,8d3ec5c15f8addc4d68e68e81906d5c72bf098853df918ec3934d2476b006a5c,team_a3dcb62d86a68_19da6a0d572,Canyon Crest B,8,team_c46be2569d5f88_19da6a0d572,Arcadia B,72,2026-04-19T17:16:15.407Z,3
20260419T170113Z_ygkz0mf,dasoni-2,round_robin,3,ROUND ROBIN 3,8d3ec5c15f8addc4d68e68e81906d5c72bf098853df918ec3934d2476b006a5c,team_d2a0505d6b7ab8_19da6af3080,Clovis North,96,team_13bd3aad9e872_19da6af3080,Morgantown,50,2026-04-19T17:40:30.405Z,3
20260419T165143Z_pi696yh,dasoni-2,round_robin,3,ROUND ROBIN 3,8d3ec5c15f8addc4d68e68e81906d5c72bf098853df918ec3934d2476b006a5c,team_e2e0290c2e727_19da6a6c735,Collierville A,26,team_0cd30acafa7f08_19da6a6c735,Deap South,126,2026-04-19T17:25:38.075Z,3
20260419T170034Z_vq0bj8d,dasoni-2,round_robin,3,ROUND ROBIN 3,8d3ec5c15f8addc4d68e68e81906d5c72bf098853df918ec3934d2476b006a5c,team_1561e8ed2bb61_19da6a28b7a,Collierville B,28,team_cdca6a63ba17b8_19da6a28b7a,American Heritage Broward,44,2026-04-19T17:26:43.227Z,3
20260419T165002Z_r4o04i2,dasoni-2,round_robin,3,ROUND ROBIN 3,8d3ec5c15f8addc4d68e68e81906d5c72bf098853df918ec3934d2476b006a5c,team_810b2be7e8494_19da6a274f5,Doral Academy,134,team_ef831078970428_19da6a274f5,Quail Valley,54,2026-04-19T17:20:00.970Z,3
20260419T164706Z_aekpm1d,dasoni-2,round_robin,3,ROUND ROBIN 3,8d3ec5c15f8addc4d68e68e81906d5c72bf098853df918ec3934d2476b006a5c,team_a71b23336aac08_19da69abb4f,Iolani A,102,team_4f8ffdca3606b8_19da69abb4f,North Hollywood A,122,2026-04-19T17:21:56.217Z,3
20260419T164644Z_0rwn3k7,dasoni-2,round_robin,3,ROUND ROBIN 3,8d3ec5c15f8addc4d68e68e81906d5c72bf098853df918ec3934d2476b006a5c,team_dbe1dd0c76c318_19da69ed536,Iolani B,70,team_044660bd3aee3_19da69ed536,Woodlands,14,2026-04-19T17:15:23.371Z,3
20260419T164852Z_b7xpgf9,dasoni-2,round_robin,3,ROUND ROBIN 3,8d3ec5c15f8addc4d68e68e81906d5c72bf098853df918ec3934d2476b006a5c,team_ddcb22c2dd1208_19da6a442f8,Lexington B,102,team_3cdd876c515798_19da6a442f8,Hunter,52,2026-04-19T17:29:01.082Z,3
20260419T170156Z_mt9k0w3,dasoni-2,round_robin,3,ROUND ROBIN 3,8d3ec5c15f8addc4d68e68e81906d5c72bf098853df918ec3934d2476b006a5c,team_cfd15a75c73b98_19da6a7dbe3,Lynbrook B,92,team_ca68cbbafcdc7_19da6a7dbe3,Eastlake,82,2026-04-19T17:25:13.697Z,3
20260419T164639Z_h10hanj,dasoni-2,round_robin,3,ROUND ROBIN 3,8d3ec5c15f8addc4d68e68e81906d5c72bf098853df918ec3934d2476b006a5c,team_52d708a2c53778_19da69895c5,MSJ,118,team_c11c8604f908e_19da69895c5,Benjamin Franklin,16,2026-04-19T17:19:01.819Z,3
20260419T165131Z_n6cx63j,dasoni-2,round_robin,3,ROUND ROBIN 3,8d3ec5c15f8addc4d68e68e81906d5c72bf098853df918ec3934d2476b006a5c,team_65ba21a0b66f48_19da6a61626,Palo Alto,68,team_1c4dc02e59b908_19da6a61626,North Allegheny,80,2026-04-19T17:14:57.674Z,3
20260419T165038Z_87u5i1o,dasoni-2,round_robin,3,ROUND ROBIN 3,8d3ec5c15f8addc4d68e68e81906d5c72bf098853df918ec3934d2476b006a5c,team_4732c070603138_19da6a6038c,Varun Clemens,82,team_36337e4c26847_19da6a6038c,BISV B,22,2026-04-19T17:15:38.410Z,3
20260419T165324Z_dgyx1u2,dasoni-2,round_robin,3,ROUND ROBIN 3,8d3ec5c15f8addc4d68e68e81906d5c72bf098853df918ec3934d2476b006a5c,team_d7deef8f022708_19da6a8ad7a,WWPS A,66,team_e947ca0e3b3c38_19da6a8ad7a,Clements,84,2026-04-19T17:18:40.890Z,3
20260419T165121Z_mzwwwub,dasoni-2,round_robin,3,ROUND ROBIN 3,8d3ec5c15f8addc4d68e68e81906d5c72bf098853df918ec3934d2476b006a5c,team_0298c5f245df98_19da6a3f582,WWPS B,28,team_d3f848e14c59f_19da6a3f582,Ward Melville,34,2026-04-19T17:11:46.541Z,3
20260419T172302Z_5bk9tp4,dasoni-2,round_robin,4,ROUND ROBIN 4,8562f0ab5258b159fdde01c8de52a61dbb25abdb5cacf9a4c865f024978a879b,team_a958dd0bf2e18_19da6b8d748,Arcadia A,58,team_0ae45606c99fe_19da6b8d748,Canyon Crest A,84,2026-04-19T17:45:30.501Z,3
20260419T172906Z_vswi77a,dasoni-2,round_robin,4,ROUND ROBIN 4,8562f0ab5258b159fdde01c8de52a61dbb25abdb5cacf9a4c865f024978a879b,team_23aac64f57e028_19da6c98546,BASIS Chandler,130,team_113b9848fb7e4_19da6c98546,Arcadia B,74,2026-04-19T17:47:35.899Z,3
20260419T173111Z_64j3oe9,dasoni-2,round_robin,4,ROUND ROBIN 4,8562f0ab5258b159fdde01c8de52a61dbb25abdb5cacf9a4c865f024978a879b,team_ecf5ae6e2f93c_19da6ca1ee2,Bridgeland,16,team_704aa04a8a52e8_19da6ca1ee2,MSJ,98,2026-04-19T17:59:15.417Z,3
20260419T173141Z_btsjm4k,dasoni-2,round_robin,4,ROUND ROBIN 4,8562f0ab5258b159fdde01c8de52a61dbb25abdb5cacf9a4c865f024978a879b,team_8cf4e752256a3_19da6cae6a8,Clements,122,team_cdde89f3e5a4b_19da6cae6a8,Eastlake,56,2026-04-19T17:54:50.423Z,3
20260419T173410Z_5yrx19z,dasoni-2,round_robin,4,ROUND ROBIN 4,8562f0ab5258b159fdde01c8de52a61dbb25abdb5cacf9a4c865f024978a879b,team_942f4ddfeda68_19da6cd1b77,Collierville B,22,team_31f7f01a69eb1_19da6cd1b77,Lexington B,78,2026-04-19T18:06:48.972Z,3
20260419T172857Z_3aybhdp,dasoni-2,round_robin,4,ROUND ROBIN 4,8562f0ab5258b159fdde01c8de52a61dbb25abdb5cacf9a4c865f024978a879b,team_35490477ee2658_19da6c924fa,Deap South,156,team_e50c963d425a28_19da6c924fa,Woodlands,4,2026-04-19T17:57:07.473Z,3
20260419T173011Z_1sbxf7w,dasoni-2,round_robin,4,ROUND ROBIN 4,8562f0ab5258b159fdde01c8de52a61dbb25abdb5cacf9a4c865f024978a879b,team_ae12335d4f92d8_19da6c796f2,Deep Run,0,team_919c409d8df29_19da6c796f2,Allen School,102,2026-04-19T17:48:27.280Z,3
20260419T172346Z_ix2ouce,dasoni-2,round_robin,4,ROUND ROBIN 4,8562f0ab5258b159fdde01c8de52a61dbb25abdb5cacf9a4c865f024978a879b,team_30a8cde7c414a8_19da6c46c00,Enloe,106,team_369329d8ddbde_19da6c46c00,Canyon Crest B,36,2026-04-19T17:46:00.267Z,3
20260419T172817Z_y9rhwk5,dasoni-2,round_robin,4,ROUND ROBIN 4,8562f0ab5258b159fdde01c8de52a61dbb25abdb5cacf9a4c865f024978a879b,team_b98b309b6431d8_19da6c85be7,Hunter,106,team_6e78b1bb3d6c08_19da6c85be7,Iolani A,84,2026-04-19T18:01:22.484Z,3
20260419T172527Z_74uk7be,dasoni-2,round_robin,4,ROUND ROBIN 4,8562f0ab5258b159fdde01c8de52a61dbb25abdb5cacf9a4c865f024978a879b,team_bc36170fb0eab_19da6c5ea32,Luka Fan Club,38,team_d6b101f9c2eb6_19da6c5ea32,Varun Clemens,118,2026-04-19T17:49:30.069Z,3
20260419T173426Z_8unevwj,dasoni-2,round_robin,4,ROUND ROBIN 4,8562f0ab5258b159fdde01c8de52a61dbb25abdb5cacf9a4c865f024978a879b,team_2fcae6a38aca8_19da6ce6369,North Hollywood A,136,team_ef92ce0ffceca_19da6ce6369,American Heritage Broward,14,2026-04-19T18:05:00.989Z,3
20260419T172423Z_c6c2cdd,dasoni-2,round_robin,4,ROUND ROBIN 4,8562f0ab5258b159fdde01c8de52a61dbb25abdb5cacf9a4c865f024978a879b,team_648a21ca25ecb8_19da6bf3e38,North Hollywood B,114,team_0cdf884ab3b788_19da6bf3e38,BISV A,52,2026-04-19T17:49:46.775Z,3
20260419T173207Z_tpy2bo6,dasoni-2,round_robin,4,ROUND ROBIN 4,8562f0ab5258b159fdde01c8de52a61dbb25abdb5cacf9a4c865f024978a879b,team_b5eda275283488_19da6cbac8f,Palo Alto,82,team_7f54a0789bd5b8_19da6cbac8f,Lexington A,118,2026-04-19T17:55:37.164Z,3
20260419T172703Z_kvmuewz,dasoni-2,round_robin,4,ROUND ROBIN 4,8562f0ab5258b159fdde01c8de52a61dbb25abdb5cacf9a4c865f024978a879b,team_87c0688d93b778_19da6c5bec0,Punahou School,92,team_1d697941396c68_19da6c5bec0,Benjamin Franklin,44,2026-04-19T17:51:49.261Z,3
20260419T172800Z_su9wwwo,dasoni-2,round_robin,4,ROUND ROBIN 4,8562f0ab5258b159fdde01c8de52a61dbb25abdb5cacf9a4c865f024978a879b,team_2d44f24e9247c_19da6c5e95c,Quail Valley,36,team_6c26893de0fbe8_19da6c5e95c,North Allegheny,156,2026-04-19T17:55:49.755Z,3
20260419T174417Z_ddk5fs4,dasoni-2,round_robin,4,ROUND ROBIN 4,8562f0ab5258b159fdde01c8de52a61dbb25abdb5cacf9a4c865f024978a879b,team_ab9c6616b98da8_19da6d5b1e2,Thomas Jefferson,100,team_e2ae86bfcebc38_19da6d5b1e2,Morgantown,66,2026-04-19T18:07:45.688Z,3
20260419T173103Z_7ttrzku,dasoni-2,round_robin,4,ROUND ROBIN 4,8562f0ab5258b159fdde01c8de52a61dbb25abdb5cacf9a4c865f024978a879b,team_302f7bd49f2e9_19da6ca68b4,WWPS B,118,team_acdabf0cc0634_19da6ca68b4,Iolani B,18,2026-04-19T17:58:06.707Z,3
20260419T173010Z_n7guvm6,dasoni-2,round_robin,4,ROUND ROBIN 4,8562f0ab5258b159fdde01c8de52a61dbb25abdb5cacf9a4c865f024978a879b,team_8eabdfa0b7829_19da6c93c1d,Ward Melville,26,team_247e6635ce7428_19da6c93c1d,Collierville A,52,2026-04-19T17:52:04.171Z,3
20260419T172328Z_v5oyfyz,dasoni-2,round_robin,4,ROUND ROBIN 4,8562f0ab5258b159fdde01c8de52a61dbb25abdb5cacf9a4c865f024978a879b,team_772ed5bab7c508_19da6c1fae1,Whitney Young,22,team_1bfa8c7a654d2_19da6c1fae1,WWPS A,112,2026-04-19T17:45:12.395Z,3
20260419T181447Z_9c022x2,dasoni-2,round_robin,5,ROUND ROBIN 5,2b71647c4556d0a5c966b64bc146a3663d49cb7f7f2d46cc6f47169887a6d99b,team_30d55a884dd2a8_19da6eeaecf,Allen School,116,team_90f50b753a8e78_19da6eeaecf,Morgantown,-12,2026-04-19T18:46:27.551Z,3
20260419T181314Z_3mdwi1v,dasoni-2,round_robin,5,ROUND ROBIN 5,2b71647c4556d0a5c966b64bc146a3663d49cb7f7f2d46cc6f47169887a6d99b,team_63f5e042cf05c_19da6ed4655,American Heritage Broward,0,team_98e8bf49caeb8_19da6ed4655,Hunter,114,2026-04-19T18:37:48.205Z,3
20260419T180128Z_o6aqvhn,dasoni-2,round_robin,5,ROUND ROBIN 5,2b71647c4556d0a5c966b64bc146a3663d49cb7f7f2d46cc6f47169887a6d99b,team_202c675522c958_19da6d9b215,Arcadia A,88,team_25d447528046a_19da6d9b215,BISV B,-4,2026-04-19T18:24:18.796Z,3
20260419T180139Z_7dlm8qu,dasoni-2,round_robin,5,ROUND ROBIN 5,2b71647c4556d0a5c966b64bc146a3663d49cb7f7f2d46cc6f47169887a6d99b,team_d049492b564da8_19da6e0c414,BASIS Chandler,104,team_f627adc2ec7b7_19da6e0c414,Canyon Crest B,0,2026-04-19T18:24:09.502Z,3
20260419T180202Z_khb025c,dasoni-2,round_robin,5,ROUND ROBIN 5,2b71647c4556d0a5c966b64bc146a3663d49cb7f7f2d46cc6f47169887a6d99b,team_c40dbe29f7d6b_19da6e0b857,BISV A,26,team_0f1b34ba6e608_19da6e0b857,MSJ,114,2026-04-19T18:28:31.341Z,3
20260419T180628Z_idqq16i,dasoni-2,round_robin,5,ROUND ROBIN 5,2b71647c4556d0a5c966b64bc146a3663d49cb7f7f2d46cc6f47169887a6d99b,team_514eccf68e24d_19da6eaabb2,Benjamin Franklin,34,team_e9d6b18c569c68_19da6eaabb3,Bridgeland,8,2026-04-19T18:40:51.843Z,3
20260419T180417Z_9g5che5,dasoni-2,round_robin,5,ROUND ROBIN 5,2b71647c4556d0a5c966b64bc146a3663d49cb7f7f2d46cc6f47169887a6d99b,team_53060881141a88_19da6e340b0,Canyon Crest A,38,team_37d6a12945d2b_19da6e340b0,Varun Clemens,62,2026-04-19T18:48:58.410Z,3
20260419T180428Z_1z3f1ln,dasoni-2,round_robin,5,ROUND ROBIN 5,2b71647c4556d0a5c966b64bc146a3663d49cb7f7f2d46cc6f47169887a6d99b,team_30242c863a0bb_19da6e59844,Collierville A,130,team_1d2a32be04213_19da6e59844,Woodlands,12,2026-04-19T18:35:02.416Z,3
20260419T180621Z_8j6a3ol,dasoni-2,round_robin,5,ROUND ROBIN 5,2b71647c4556d0a5c966b64bc146a3663d49cb7f7f2d46cc6f47169887a6d99b,team_930facf9d9c4d8_19da6eba7d5,Collierville B,18,team_69ebd3a564548_19da6eba7d5,North Hollywood A,106,2026-04-19T18:43:30.763Z,3
20260419T181511Z_l3rchp5,dasoni-2,round_robin,5,ROUND ROBIN 5,2b71647c4556d0a5c966b64bc146a3663d49cb7f7f2d46cc6f47169887a6d99b,team_71af2fe857ba88_19da6f22478,Deap South,134,team_599465164de508_19da6f22478,WWPS B,26,2026-04-19T18:41:32.944Z,3
20260419T180206Z_vp421c7,dasoni-2,round_robin,5,ROUND ROBIN 5,2b71647c4556d0a5c966b64bc146a3663d49cb7f7f2d46cc6f47169887a6d99b,team_1a38e15e2328a8_19da6ddb3b1,Deep Run,16,team_ac115dd53575f_19da6ddb3b1,Clovis North,72,2026-04-19T18:25:41.310Z,3
20260419T180723Z_w7vmj41,dasoni-2,round_robin,5,ROUND ROBIN 5,2b71647c4556d0a5c966b64bc146a3663d49cb7f7f2d46cc6f47169887a6d99b,team_bf8891afa6411_19da6db54cc,Enloe,68,team_18611da199d2d8_19da6db54cc,Lynbrook A,72,2026-04-19T18:43:31.290Z,3
20260419T180937Z_bx82nc8,dasoni-2,round_robin,5,ROUND ROBIN 5,2b71647c4556d0a5c966b64bc146a3663d49cb7f7f2d46cc6f47169887a6d99b,team_5b1abfb2cd7c1_19da6eeb17c,Lexington A,100,team_64a76a5d47c02_19da6eeb17c,Doral Academy,82,2026-04-19T18:41:59.475Z,3
20260419T180410Z_do81s0v,dasoni-2,round_robin,5,ROUND ROBIN 5,2b71647c4556d0a5c966b64bc146a3663d49cb7f7f2d46cc6f47169887a6d99b,team_5dc9fae8953a38_19da6e96641,Lexington B,60,team_f679152d5450c_19da6e96641,Iolani A,98,2026-04-19T18:39:27.874Z,3
20260419T180124Z_w5i3etr,dasoni-2,round_robin,5,ROUND ROBIN 5,2b71647c4556d0a5c966b64bc146a3663d49cb7f7f2d46cc6f47169887a6d99b,team_c4132073a622a8_19da6de28db,North Hollywood B,60,team_f3d6ad5fb77848_19da6de28db,Punahou School,46,2026-04-19T18:29:26.253Z,3
20260419T180235Z_vg7tuv3,dasoni-2,round_robin,5,ROUND ROBIN 5,2b71647c4556d0a5c966b64bc146a3663d49cb7f7f2d46cc6f47169887a6d99b,team_e6d40b4d859468_19da6e7d02e,Quail Valley,64,team_14e5be00b9609_19da6e7d02e,Palo Alto,52,2026-04-19T18:28:23.497Z,3
20260419T180316Z_xff8rkp,dasoni-2,round_robin,5,ROUND ROBIN 5,2b71647c4556d0a5c966b64bc146a3663d49cb7f7f2d46cc6f47169887a6d99b,team_845d2bb4f22cb_19da6e619e7,WWPS A,66,team_f3519925ced9b8_19da6e619e7,Eastlake,96,2026-04-19T18:41:53.725Z,3
20260419T180425Z_10g5rck,dasoni-2,round_robin,5,ROUND ROBIN 5,2b71647c4556d0a5c966b64bc146a3663d49cb7f7f2d46cc6f47169887a6d99b,team_178324223e6778_19da6e912b3,Ward Melville,26,team_daaec803cee12_19da6e912b3,Iolani B,80,2026-04-19T18:26:52.232Z,3
20260419T180158Z_mhpeh9d,dasoni-2,round_robin,5,ROUND ROBIN 5,2b71647c4556d0a5c966b64bc146a3663d49cb7f7f2d46cc6f47169887a6d99b,team_442167786b4d7_19da6da7ab2,Whitney Young,8,team_b63f666e12bd68_19da6da7ab2,Lynbrook B,104,2026-04-19T18:25:17.303Z,3
