team_id,team_name
team_dd6a4be3cadc3_19caa8df8dd,Basis
team_e3479e3841bfb_19caac67ca3,Basis
team_25705cddc1c288_19caaea5556,Basis
team_d43f07a48169f_19ca9a32547,Basis
team_ba611455d50808_19ca9cad08b,Basis
team_2da9c3c46c13b8_19ca9e86456,Basis
team_c8bc1e0432bca_19ca9ff178e,Basis
team_17c42d64f9e04_19caa2b13b1,Basis
team_876b9322b0c73_19ca9a98045,Centennial A
team_d2a2c3217e9e2_19ca9c8a584,Centennial A
team_1cec4767b5b8f_19ca9e9155d,Centennial A
team_9159fdf04ef388_19caa07446f,Centennial A
team_9aea43c1b03c4_19caa266daa,Centennial A
team_493afcd245f3e8_19ca9b338f3,Centennial B
team_1d4e7ac95cdd2_19ca9c995aa,Centennial B
team_d98131e5d9e52_19ca9e7e04e,Centennial B
team_05461cfa7fb6f_19ca9ff178e,Centennial B
team_a2276a284f2628_19caa235aa1,Centennial B
team_407d6407fa1f68_19ca9adb862,Centreville HS Team 1
team_d82e2b13d2eae8_19ca9d0ff00,Centreville HS Team 1
team_d866a05e68b348_19ca9f210b6,Centreville HS Team 1
team_2162d026a1bc78_19caa069456,Centreville HS Team 1
team_a2cc47e10bb99_19caa234558,Centreville HS Team 1
team_38b46f4e8487c8_19caac96fca,Eagles A
team_909aae5c113ff8_19cab0391d6,Eagles A
team_4f02bb01ebc47_19cab3d10ae,Eagles A
team_8b2d058ea58248_19cab6d61a3,Eagles A
team_b43c856b52e2b8_19cab891eab,Eagles A
team_797bdcc04184d_19ca9b1ca3d,Eagles A
team_a1c93e6a62b49_19ca9d3d7f2,Eagles A
team_eb5c46b0e39768_19ca9f210b6,Eagles A
team_9025e43d8fa68_19caa0aafda,Eagles A
team_9665840569c808_19caa257b2e,Eagles A
team_05fae3fba56d1_19caaa495ba,Eagles B
team_e089d315c5f63_19caacb4a9c,Eagles B
team_71435023217c68_19ca9ace673,Eagles B
team_0a3c3f5d5420e8_19ca9c82510,Eagles B
team_0c54100e2e149_19ca9e74fe5,Eagles B
team_cfded2a62beaa_19caa041972,Eagles B
team_6d4d35bc43689_19caa263ec1,Eagles B
team_6ce31ee5f3d65_19caaa2d438,Eagles C
team_7f289dd643cd1_19caac67ca3,Eagles C
team_78f5a4d8a095d8_19ca9a98045,Eagles C
team_c05dd05bbf0408_19ca9cabfb1,Eagles C
team_ac789a8aaef23_19ca9eb4d67,Eagles C
team_a6338dee404848_19caa04bffd,Eagles C
team_b00292b7b06a7_19caa1ece56,Eagles C
team_47608bdb96543_19caaa823bc,Gargy Bomy
team_1dc1dc7b2b2ca8_19caac63cc5,Gargy Bomy
team_096a1ff00431b8_19caae68bb5,Gargy Bomy
team_96312aee5a521_19ca9a7ba86,Gargy Bomy
team_68cc2d07f0a6b8_19ca9c4e941,Gargy Bomy
team_3c3b4e91d8097_19ca9e93ff1,Gargy Bomy
team_82db79cb9ec908_19caa04bffd,Gargy Bomy
team_e181bdc175c4b8_19caa266daa,Gargy Bomy
team_49552ac2e4a1e_19caa741fe7,Kiruna Scholars
team_da881f7062931_19caacab5cf,Kiruna Scholars
team_9e2639f6551a4_19cab0391d6,Kiruna Scholars
team_12f9ca20461f78_19cab293219,Kiruna Scholars
team_f3488c8f82cc18_19cab4669bf,Kiruna Scholars
team_6b24fd5b2bbb3_19cab6d61a3,Kiruna Scholars
team_16aa7fb561de3_19ca9b338f3,Kiruna Scholars
team_ab8971ed780a1_19ca9cad08b,Kiruna Scholars
team_ce127701421a7_19ca9e46f72,Kiruna Scholars
team_7b0365b0a985b_19caa0bbe19,Kiruna Scholars
team_d0c8a685a1884_19caa217be0,Kiruna Scholars
team_a8abac2a6e4d68_19caaa116ce,Montgomery Blair A
team_7d6234f95ca088_19caabd708f,Montgomery Blair A
team_5c77d2a224b85_19cab06b475,Montgomery Blair A
team_8ec7f128734f38_19cab3d10ae,Montgomery Blair A
team_86dcdde93e37a8_19cab891eac,Montgomery Blair A
team_b6d7c5c3daa85_19ca9990be2,Montgomery Blair A
team_b290b90c9a1d1_19ca9cf1285,Montgomery Blair A
team_d69835468a5f28_19ca9ea2cf5,Montgomery Blair A
team_309eba46d002_19caa072cad,Montgomery Blair A
team_b67d5a9f19c7c_19caa24e9cd,Montgomery Blair A
team_e910596ba64478_19caa741fe7,Montgomery Blair B
team_d92ca318aa00e_19caacb4a9c,Montgomery Blair B
team_a4ab30207ea4c8_19caaea2a9e,Montgomery Blair B
team_6ea9f8b4eda14_19ca9ae932d,Montgomery Blair B
team_4b06b0b4feb7e8_19ca9cfab1f,Montgomery Blair B
team_d1c45f5476c32_19ca9e74fe5,Montgomery Blair B
team_b414fc3633eaa_19caa04879c,Montgomery Blair B
team_922dae9e57e92_19caa2a17d9,Montgomery Blair B
team_8371570030c65_19caa8df8dd,North Allegheny
team_ef3d9729378118_19caac6de14,North Allegheny
team_34e17db993799_19caae3818d,North Allegheny
team_5c932018303228_19ca9ae932d,North Allegheny
team_f4a5479ab35f7_19ca9c82510,North Allegheny
team_a869d7372215d8_19ca9e939c7,North Allegheny
team_eff772aff99e_19caa08f333,North Allegheny
team_9d72acfe4b0738_19caa2109d9,North Allegheny
team_0a92800e398c2_19caaa5231a,Pilgrimage Homeschool
team_33bcb904b580e8_19ca9a32547,Pilgrimage Homeschool
team_ff356b300dea88_19ca9cd2159,Pilgrimage Homeschool
team_d0482bda3815d8_19ca9e7e04e,Pilgrimage Homeschool
team_1689980114c_19caa061a75,Pilgrimage Homeschool
team_9ab19c8c602ba8_19caa217be0,Pilgrimage Homeschool
team_2d43af40f953a8_19ca9b1df93,Poolesville 2
team_92ebd3d8b2c368_19ca9cc7085,Poolesville 2
team_860eb1b77ce6e_19ca9e9f577,Poolesville 2
team_237c18af61f678_19caa03d9af,Poolesville 2
team_8bd0ea9164148_19caa24e9cd,Poolesville 2
team_f43cf46f41f15_19caaa1621b,Richard Montgomery
team_3b1c7047e6e388_19caae3818d,Richard Montgomery
team_7aa72dd34b4258_19cab0b32dc,Richard Montgomery
team_22072df4acbc08_19cab293219,Richard Montgomery
team_63b5c48c82d008_19ca9adb862,Richard Montgomery
team_863ec28e1dc3f8_19ca9d3d7f2,Richard Montgomery
team_470258d2522b9_19ca9ed7414,Richard Montgomery
team_d4b57853be3eb8_19caa0d9aa9,Richard Montgomery
team_38a0eaf46ee488_19caa27bef2,Richard Montgomery
team_61792cfcfc8db_19caaa5231a,Shallow Stroll Team B
team_b0f9b37dbbf728_19ca9905e4e,Shallow Stroll Team B
team_f76fda6acb9c78_19ca9d0ff00,Shallow Stroll Team B
team_e7105d4775b668_19ca9eea8ee,Shallow Stroll Team B
team_de8d7e53e56f58_19caa0aafda,Shallow Stroll Team B
team_73c2e1604d42d8_19caa27bef2,Shallow Stroll Team B
team_62e2aa66a8f428_19caaa823bc,Shallow Walk team A
team_92886b7b39b8a8_19caabd708f,Shallow Walk team A
team_5a9e99ffbf09a8_19caaea2a9e,Shallow Walk team A
team_f61ad9c2ab5118_19cab0b32dc,Shallow Walk team A
team_9231c445d464e_19ca9990be2,Shallow Walk team A
team_a8e0418a97449_19ca9cdd9f1,Shallow Walk team A
team_a5f4d21ac5dff8_19ca9e9f577,Shallow Walk team A
team_f1ed536bc3f288_19caa0a3ca6,Shallow Walk team A
team_031b2fc8e2d898_19caa21dede,Shallow Walk team A
team_9c3ae42c337538_19caaa495ba,South Jersey
team_9fa4ca7f436258_19caacab5cf,South Jersey
team_07186444f16a3_19caae68bb5,South Jersey
team_1782947d4c373_19cab0443da,South Jersey
team_9a6c68b042d0c_19cab2579ea,South Jersey
team_13771ba7072f48_19ca9b3acf2,South Jersey
team_4163bbcc29f15_19ca9c995aa,South Jersey
team_5f390d02cd14a_19ca9e46f72,South Jersey
team_a94603584f22e_19caa061a75,South Jersey
team_a37b26cfe7f2_19caa2b13b1,South Jersey
team_0dac4b0169da98_19ca9b1df93,The Wilberforce School
team_c53f13fa7153e8_19ca9cf1285,The Wilberforce School
team_b9815400d79f4_19ca9e7cdb8,The Wilberforce School
team_9868dc77bd2848_19caa0a3ca6,The Wilberforce School
team_3fd1a8153fa138_19caa2525a1,The Wilberforce School
team_9d83aeb561c2_19ca9aa2dc8,Thomas S Wootton High School team A
team_f9cfd1526fb3_19ca9c8a584,Thomas S Wootton High School team A
team_551a96b2f9581_19ca9e93ff1,Thomas S Wootton High School team A
team_eeb8967830df4_19caa073b62,Thomas S Wootton High School team A
team_a3fde596c023a8_19caa1ece56,Thomas S Wootton High School team A
team_3d3cc6ba1d46e_19ca9905e4e,Thomas S Wootton High School team B
team_843b15643148b8_19ca9cddeb1,Thomas S Wootton High School team B
team_07b418f256b4f_19ca9ed7414,Thomas S Wootton High School team B
team_89f80086df509_19caa069456,Thomas S Wootton High School team B
team_9af5c3c47e536_19caa257b2e,Thomas S Wootton High School team B
team__thomas_s_wootton_high_school_team_c,Thomas S Wootton High School team C
team_06443c3d9173f8_19ca9cdd9f1,Thomas S Wootton High School team C
team_be998c02d905b_19ca9ea2cf5,Thomas S Wootton High School team C
team_f5f459cf561d7_19caa03d9af,Thomas S Wootton High School team C
team_ac21d5bcd5d4c_19caa2525a1,Thomas S Wootton High School team C
team_c832cb5bc52218_19caaa116ce,WCHS A
team_aef7a5da7aef7_19caac63cc5,WCHS A
team__wchs_a,WCHS A
team_841f67a9773798_19ca9cc7085,WCHS A
team_4bc1005690a558_19ca9e7cdb8,WCHS A
team_d5ea8005bfc02_19caa072cad,WCHS A
team_72fc67572bd1b_19caa21dedf,WCHS A
team_4fc1acd71d5cf_19ca9b1fe93,WCHS B
team_84ece12509c7e_19ca9cfab1f,WCHS B
team_4759eecbbec6c_19ca9e837f7,WCHS B
team_0e45f249bfd998_19caa041972,WCHS B
team_3c1d8fd1d15f5_19caa2109d9,WCHS B
team_75c6d5f364f2d8_19ca9b1ca3d,WCHS C
team_092ae1e1cbe9a_19ca9cddeb1,WCHS C
team_90f65894c822d_19ca9eea8ee,WCHS C
team_3126eabe041e48_19caa0d9aa9,WCHS C
team_9c4b3bfa1c9688_19caa234558,WCHS C
team_70fc81510889a_19caaa2d438,WWPN A
team_1314ac9e5e9ea_19caac6de14,WWPN A
team_59fec0ede786b_19cab06b475,WWPN A
team_ef4f5cdd2b6bb_19cab2579ea,WWPN A
team_5b34cca60120c_19cab4669bf,WWPN A
team_8295e8c54dd818_19ca9aa2dc8,WWPN A
team_abe41dee468_19ca9c4e941,WWPN A
team_dbef6ed7eb3618_19ca9eb4d67,WWPN A
team_d25f19a6edaae_19caa07446f,WWPN A
team_4c869258eae8e_19caa264151,WWPN A
team_35acc17e7cd95_19ca9b3acf2,WWPN B
team_7718236187c478_19ca9cd2159,WWPN B
team_d7f944207266d8_19ca9e86456,WWPN B
team_f185144a70f4b_19caa0bbe19,WWPN B
team_c4c074b4b7757_19caa235aa1,WWPN B
team_7233e13ad3133_19ca9ace673,Westtown A
team_7d86045a5d13a_19ca9cdecc0,Westtown A
team_037709c2dc2b48_19ca9e837f7,Westtown A
team_e7cf33d8f6df1_19caa08f333,Westtown A
team_717694ee7eb1e_19caa2a17d9,Westtown A
team_d3f6bdfaf45c7_19ca9a7ba86,Westtown B
team_d8e5c01c7910a_19ca9cabfb1,Westtown B
team_6b64d92477a0c8_19ca9e9155d,Westtown B
team_4dd6276e8922b_19caa073b62,Westtown B
team_163289eb7c8b9_19caa264151,Westtown B
team_6a14f7b1d04be_19caaa1621b,poolesville village idiots
team_46ba992e54a388_19caac96fca,poolesville village idiots
team_fcda735d9cefc_19caaea5556,poolesville village idiots
team_03e32032f04ee8_19cab0443da,poolesville village idiots
team_e35300dd7665a_19ca9b1fe93,poolesville village idiots
team_5dac0c1fca6468_19ca9cdecc0,poolesville village idiots
team_c793b15c4af008_19ca9e939c7,poolesville village idiots
team_b497764f8e0ac8_19caa04879c,poolesville village idiots
team_09ddc80c352d_19caa263ec1,poolesville village idiots
